City,Calendar Year,Quarter,Per Capita Sales,Total Taxable Sales
Adelanto,2023,4,195.82,7178329
Alameda,2023,4,57.3,4428565
Alameda County - Unincorporated,2023,4,,6210781
Antioch,2023,4,69.41,8013102
Arcata,2023,4,98.68,1844224
Atwater,2023,4,49.2,1545970
Bellflower,2023,4,95.37,7336300
Berkeley,2023,4,51.32,6341267
Calaveras County - Unincorporated,2023,4,,2642483
California City,2023,4,195.54,2899348
Cathedral City,2023,4,47.9,2463741
Chula Vista,2023,4,54.35,14936916
Coachella,2023,4,74.41,3159664
Corona,2023,4,48.32,7587085
Costa Mesa,2023,4,72.03,8009540
Crescent City,2023,4,214.32,1240959
Culver City,2023,4,105.89,4202242
Davis,2023,4,106.06,6798405
Desert Hot Springs,2023,4,134.93,4399833
El Dorado County - Unincorporated,2023,4,,4138219
El Monte,2023,4,67.33,7162851
Emeryville,2023,4,109.49,1380755
Eureka,2023,4,114.17,2984470
Fresno,2023,4,28.08,15259904
Goleta,2023,4,87.8,2848438
Hesperia,2023,4,3.53,353521
Humboldt County - Unincorporated,2023,4,,2602476
Imperial County - Unincorporated,2023,4,,4571443
Jurupa Valley,2023,4,144.47,15167302
La Mesa,2023,4,367.16,22183103
Lake County - Unincorporated,2023,4,,1243916
Lake Elsinore,2023,4,130.73,9409733
Lompoc,2023,4,112.75,4904050
Long Beach,2023,4,74.08,33948380
Los Angeles,2023,4,60.59,228214016
Maywood,2023,4,215.9,5299513
Mendocino County - Unincorporated,2023,4,,2163244
Merced,2023,4,75.83,6833599
Modesto,2023,4,49.75,10796762
Montebello,2023,4,26.59,1639743
Monterey County - Unincorporated,2023,4,,3961005
Moreno Valley,2023,4,51.74,10778943
Napa,2023,4,62.27,4783968
Needles,2023,4,1213.96,5773625
Oakland,2023,4,64.01,26857033
Oxnard,2023,4,24.74,4885924
Pacifica,2023,4,102.32,3794541
Palm Desert,2023,4,115.53,5847590
Palm Springs,2023,4,176.14,7766620
Pasadena,2023,4,39.26,5378347
Perris,2023,4,84.99,6710222
Pomona,2023,4,105.22,15754089
Port Hueneme,2023,4,432.97,9246653
Redding,2023,4,75.87,7015999
Redwood City,2023,4,74.82,6097488
Riverside County - Unincorporated,2023,4,,15690375
Sacramento,2023,4,129,66844537
Salinas,2023,4,32.35,5159221
San Bernardino,2023,4,95.47,21313237
San Diego,2023,4,36.79,50348614
San Diego County - Unincorporated,2023,4,,3839418
San Francisco,2023,4,59.91,49829909
San Jacinto,2023,4,111.99,6059162
San Jose,2023,4,44.93,43102845
San Leandro,2023,4,89.93,7868729
San Luis Obispo County - Unincorporated,2023,4,,2110936
San Rafael,2023,4,41.85,2497969
Santa Ana,2023,4,183,54833793
Santa Barbara,2023,4,68.25,5830474
Santa Cruz,2023,4,69.14,4371522
Santa Cruz County - Unincorporated,2023,4,,8149084
Santa Rosa,2023,4,78.49,13699760
Seaside,2023,4,138.39,4122819
Sonoma County - Unincorporated,2023,4,,2710477
South Lake Tahoe,2023,4,204.06,4193229
Stanislaus County - Unincorporated,2023,4,,3318817
Stanton,2023,4,98.81,3861925
Stockton,2023,4,43.27,13836299
Truckee,2023,4,52.44,874585
Undisclosed,2023,4,,202725670
Vallejo,2023,4,53.94,6562696
Vista,2023,4,276.56,27611330
West Hollywood,2023,4,210.66,7329550
Adelanto,2023,3,132.17,4845145
Alameda,2023,3,55.98,4327263
Antioch,2023,3,68.92,7957254
Arcata,2023,3,107.99,2018211
Atwater,2023,3,47.42,1490027
Bellflower,2023,3,103.08,7929639
Berkeley,2023,3,52.65,6505617
Calaveras County - Unincorporated,2023,3,,2993334
California City,2023,3,199.41,2956738
Cathedral City,2023,3,46.25,2378950
Chula Vista,2023,3,41.6,11432107
Cloverdale,2023,3,51.33,451041
Coachella,2023,3,66.43,2820957
Corona,2023,3,18.25,2866097
Costa Mesa,2023,3,68.73,7642321
Cotati,2023,3,897.22,6603566
Crescent City,2023,3,214.5,1241990
Culver City,2023,3,72.53,2878283
Davis,2023,3,102.65,6580005
Desert Hot Springs,2023,3,138.71,4523252
El Dorado County - Unincorporated,2023,3,,3804390
Emeryville,2023,3,112.45,1418094
Eureka,2023,3,127.33,3328383
Goleta,2023,3,84.93,2755340
Hesperia,2023,3,6.33,633801
Humboldt County - Unincorporated,2023,3,,2847078
Jurupa Valley,2023,3,144.51,15171932
La Mesa,2023,3,376.31,22736257
Lake County - Unincorporated,2023,3,,1137694
Lake Elsinore,2023,3,166.55,11987493
Lompoc,2023,3,110.23,4794464
Long Beach,2023,3,75.79,34729292
Los Angeles,2023,3,62.69,236124532
Los Angeles County - Unincorporated,2023,3,,236819
Maywood,2023,3,222.38,5458706
Mendocino County - Unincorporated,2023,3,,2507477
Merced,2023,3,74.93,6753231
Modesto,2023,3,50.8,11025515
Monterey County - Unincorporated,2023,3,,4170673
Moreno Valley,2023,3,38.96,8114991
Mount Shasta,2023,3,206.72,664621
Napa,2023,3,66.77,5129930
Needles,2023,3,1109.15,5275131
Oakland,2023,3,67.39,28275571
Oxnard,2023,3,13.49,2664943
Pacifica,2023,3,113.24,4199490
Palm Desert,2023,3,97.01,4910550
Palm Springs,2023,3,164.49,7252961
Perris,2023,3,98.39,7767842
Pomona,2023,3,103.01,15422811
Port Hueneme,2023,3,541.57,11565897
Redding,2023,3,79,7305391
Riverside County - Unincorporated,2023,3,,7619174
Sacramento,2023,3,131.47,68127063
Salinas,2023,3,34.18,5451542
San Bernardino,2023,3,84.43,18848058
San Diego,2023,3,43.55,59599540
San Diego County - Unincorporated,2023,3,,4006391
San Francisco,2023,3,65.91,54821692
San Jose,2023,3,49.14,47138157
San Leandro,2023,3,82.55,7223504
San Luis Obispo County - Unincorporated,2023,3,,2278386
San Rafael,2023,3,42.87,2558720
Santa Ana,2023,3,202.74,60749004
Santa Barbara,2023,3,71.49,6106844
Santa Cruz,2023,3,75.77,4790687
Santa Cruz County - Unincorporated,2023,3,,8440087
Santa Rosa,2023,3,80.99,14135526
Seaside,2023,3,148.99,4438600
Sonoma County - Unincorporated,2023,3,,4171534
South Lake Tahoe,2023,3,266.01,5466143
Stanislaus County - Unincorporated,2023,3,,4145953
Stockton,2023,3,42.88,13710871
Ukiah,2023,3,64.2,1022785
Undisclosed,2023,3,,250411959
Vallejo,2023,3,59.83,7279451
Vista,2023,3,296.16,29567205
West Hollywood,2023,3,219.83,7648724
Woodlake,2023,3,294.94,2274283
Adelanto,2023,2,131.17,4808419
Alameda,2023,2,58.08,4488968
Antioch,2023,2,73.31,8463493
Arcata,2023,2,109.73,2050748
Atwater,2023,2,55.27,1736780
Bellflower,2023,2,108.74,8365454
Berkeley,2023,2,55.49,6857520
Calaveras County - Unincorporated,2023,2,,2907065
California City,2023,2,208.92,3097676
Cathedral City,2023,2,56.52,2907479
Chula Vista,2023,2,40.84,11223355
Cloverdale,2023,2,52.6,462263
Coachella,2023,2,79.66,3382611
Costa Mesa,2023,2,45.52,5061934
Crescent City,2023,2,190.05,1100390
Culver City,2023,2,75.35,2990137
Davis,2023,2,108.76,6971420
Desert Hot Springs,2023,2,149.48,4874556
El Dorado County - Unincorporated,2023,2,,3714352
Emeryville,2023,2,92.09,1161314
Eureka,2023,2,118.83,3106291
Goleta,2023,2,81.22,2635056
Grover Beach,2023,2,409.73,5108186
Hesperia,2023,2,13.46,1346933
Humboldt County - Unincorporated,2023,2,,2842081
Jurupa Valley,2023,2,149.73,15719697
Kern County - Unincorporated,2023,2,,103441
La Mesa,2023,2,379.26,22914318
Lake County - Unincorporated,2023,2,,982693
Lake Elsinore,2023,2,188.33,13555363
Lompoc,2023,2,141.45,6152261
Long Beach,2023,2,79.74,36542935
Los Angeles,2023,2,66.99,252317929
Los Angeles County - Unincorporated,2023,2,,256324
Lynwood,2023,2,78.52,5200291
Maywood,2023,2,242.04,5941175
Mendocino County - Unincorporated,2023,2,,2437801
Merced,2023,2,70.94,6393583
Modesto,2023,2,52.69,11434392
Montebello,2023,2,143.04,8817790
Monterey County - Unincorporated,2023,2,,3940606
Moreno Valley,2023,2,44.23,9214055
Mount Shasta,2023,2,209.61,673909
Napa,2023,2,67.61,5194539
Needles,2023,2,1258.65,5986179
Oakland,2023,2,80.71,33865222
Pacifica,2023,2,111.94,4151288
Palm Desert,2023,2,124.87,6320476
Palm Springs,2023,2,204.97,9037821
Pasadena,2023,2,37.84,5184385
Perris,2023,2,111.05,8767326
Pomona,2023,2,102.32,15320763
Port Hueneme,2023,2,620.62,13254123
Redding,2023,2,80.17,7413735
Riverside County - Unincorporated,2023,2,,8191135
Sacramento,2023,2,132.37,68591207
Salinas,2023,2,34.9,5566843
San Bernardino,2023,2,86.84,19387247
San Diego,2023,2,44.16,60433383
San Diego County - Unincorporated,2023,2,,3987367
San Francisco,2023,2,65.93,54842489
San Jose,2023,2,49.72,47694550
San Leandro,2023,2,79.46,6952519
San Luis Obispo County - Unincorporated,2023,2,,3691368
San Rafael,2023,2,44.73,2670038
Santa Ana,2023,2,219.16,65669806
Santa Barbara,2023,2,72,6150900
Santa Barbara County - Unincorporated,2023,2,,1375056
Santa Cruz,2023,2,78.73,4978090
Santa Cruz County - Unincorporated,2023,2,,8755590
Santa Rosa,2023,2,80.19,13996497
Seaside,2023,2,139.92,4168263
Sonoma County - Unincorporated,2023,2,,4374495
South Lake Tahoe,2023,2,213.95,4396351
Stanislaus County - Unincorporated,2023,2,,5192838
Stockton,2023,2,42.19,13492567
Ukiah,2023,2,73.12,1164823
Undisclosed,2023,2,,251371446
Vallejo,2023,2,64.02,7789018
Vista,2023,2,334.24,33369804
West Hollywood,2023,2,212.13,7380942
Adelanto,2023,1,140,5131894
Alameda,2023,1,46.82,3618999
Antioch,2023,1,73.04,8432512
Arcata,2023,1,110.41,2063416
Atwater,2023,1,50.99,1602029
Bellflower,2023,1,107.7,8284811
Berkeley,2023,1,54.91,6785630
Calaveras County - Unincorporated,2023,1,,2575981
Calexico,2023,1,28.84,1116064
California City,2023,1,209,3098843
Cathedral City,2023,1,59.78,3074714
Chula Vista,2023,1,41.56,11421484
Cloverdale,2023,1,47.32,415874
Coachella,2023,1,77.45,3288903
Costa Mesa,2023,1,15.74,1750495
Crescent City,2023,1,144.58,837132
Culver City,2023,1,96.38,3824589
Davis,2023,1,106.72,6840466
Desert Hot Springs,2023,1,140.64,4586252
El Dorado County - Unincorporated,2023,1,,3625271
Emeryville,2023,1,94.67,1193812
Eureka,2023,1,108.24,2829449
Goleta,2023,1,89.8,2913591
Grover Beach,2023,1,417.33,5202968
Hesperia,2023,1,15.63,1564072
Humboldt County - Unincorporated,2023,1,,2283576
Jurupa Valley,2023,1,159.05,16698030
Kern County - Unincorporated,2023,1,,97089
La Mesa,2023,1,356.99,21568644
Lake County - Unincorporated,2023,1,,745831
Lake Elsinore,2023,1,182.45,13131511
Lompoc,2023,1,139.02,6046712
Long Beach,2023,1,79.1,36247345
Los Angeles,2023,1,64.07,241310315
Los Angeles County - Unincorporated,2023,1,,297249
Lynwood,2023,1,95.84,6347389
Maywood,2023,1,242.13,5943462
Mendocino County - Unincorporated,2023,1,,2207326
Modesto,2023,1,52.02,11289259
Monterey County - Unincorporated,2023,1,,3624465
Moreno Valley,2023,1,38.75,8073256
Mount Shasta,2023,1,180.99,581888
Napa,2023,1,55.45,4260010
Needles,2023,1,1154.3,5489860
Oakland,2023,1,84.74,35554829
Pacifica,2023,1,105.86,3925734
Palm Desert,2023,1,131.14,6637959
Palm Springs,2023,1,203.67,8980449
Perris,2023,1,115.48,9117332
Port Hueneme,2023,1,618.47,13208091
Redding,2023,1,80.63,7455972
Riverside County - Unincorporated,2023,1,,6723788
Sacramento,2023,1,131.83,68312933
Salinas,2023,1,34.87,5561688
San Bernardino,2023,1,87.41,19514306
San Diego,2023,1,44.25,60552224
San Diego County - Unincorporated,2023,1,,3448939
San Francisco,2023,1,64.59,53723787
San Jose,2023,1,49.65,47634003
San Leandro,2023,1,74.89,6553050
San Luis Obispo County - Unincorporated,2023,1,,1687118
San Rafael,2023,1,49.16,2934102
Santa Ana,2023,1,215.84,64673898
Santa Barbara,2023,1,70.38,6011811
Santa Cruz,2023,1,71.47,4518957
Santa Cruz County - Unincorporated,2023,1,,7752704
Santa Rosa,2023,1,70.67,12334729
Seaside,2023,1,128.93,3840951
Sonoma County - Unincorporated,2023,1,,4280988
South Lake Tahoe,2023,1,220.5,4530945
Stanislaus County - Unincorporated,2023,1,,5186900
Stockton,2023,1,42.19,13491287
Ukiah,2023,1,74.08,1180059
Undisclosed,2023,1,,265607185
Vallejo,2023,1,61.38,7468330
Vista,2023,1,268.6,26815705
West Hollywood,2023,1,206.5,7185091
Alameda,2022,4,43.41,3361855
Antioch,2022,4,72.69,8313129
Arcata,2022,4,121.6,2184089
Atwater,2022,4,51.45,1627320
Bellflower,2022,4,111.74,8675404
Berkeley,2022,4,57.28,7056809
Calaveras County - Unincorporated,2022,4,,2398041
Calexico,2022,4,29.24,1130429
California City,2022,4,203.28,3048315
Cathedral City,2022,4,70.26,3626970
Chula Vista,2022,4,43.97,12053721
Cloverdale,2022,4,51.77,459226
Coachella,2022,4,75.55,3168528
Cotati,2022,4,784.73,5814874
Crescent City,2022,4,134.86,816469
Culver City,2022,4,110.25,4407054
Davis,2022,4,109.91,7124192
Desert Hot Springs,2022,4,145.17,4702026
El Dorado County - Unincorporated,2022,4,,3775695
Emeryville,2022,4,113.92,1421585
Eureka,2022,4,112.52,2987744
Goleta,2022,4,95.91,3105337
Grover Beach,2022,4,449.7,5676648
Hesperia,2022,4,35.69,3564783
Humboldt County - Unincorporated,2022,4,,2634231
Imperial County - Unincorporated,2022,4,,6220440
Irvine,2022,4,0.2,62086
Jurupa Valley,2022,4,171.14,17996079
Kern County - Unincorporated,2022,4,,111232
La Mesa,2022,4,365.15,21997077
Lake County - Unincorporated,2022,4,,643659
Lake Elsinore,2022,4,217.13,15631117
Lompoc,2022,4,144.14,6304064
Long Beach,2022,4,81.38,37454987
Los Angeles,2022,4,68.35,259942996
Los Angeles County - Unincorporated,2022,4,,551267
Lynwood,2022,4,108,7192731
Maywood,2022,4,232.38,5758323
Mendocino County - Unincorporated,2022,4,,2506585
Merced,2022,4,80.54,7140913
Modesto,2022,4,53.52,11653276
Montebello,2022,4,67.72,4185691
Monterey County - Unincorporated,2022,4,,4237470
Moreno Valley,2022,4,46.48,9683101
Mount Shasta,2022,4,208.89,665965
Napa,2022,4,58.51,4537099
Needles,2022,4,1266.23,6069047
Oakland,2022,4,92.95,39209670
Pacifica,2022,4,112.87,4202923
Palm Desert,2022,4,137.95,6984129
Palm Springs,2022,4,203.08,8969391
Perris,2022,4,127.36,9994672
Port Hueneme,2022,4,673.87,14523389
Redding,2022,4,90.11,8385611
Riverside County - Unincorporated,2022,4,,10123208
Sacramento,2022,4,137.15,70904936
Salinas,2022,4,36.02,5754150
San Bernardino,2022,4,90.41,19937767
San Diego,2022,4,46.66,64058029
San Diego County - Unincorporated,2022,4,,3530126
San Francisco,2022,4,73.97,61921414
San Jose,2022,4,51.86,49980372
San Leandro,2022,4,82.07,7228516
San Luis Obispo,2022,4,102.91,4862240
San Luis Obispo County - Unincorporated,2022,4,,1612149
San Rafael,2022,4,51.64,3111084
Santa Ana,2022,4,219.74,66860387
Santa Barbara,2022,4,75.78,6539046
Santa Cruz,2022,4,75.25,4775302
Santa Cruz County - Unincorporated,2022,4,,7825868
Santa Rosa,2022,4,72.71,12749973
Seaside,2022,4,133.34,4282267
Sonoma County - Unincorporated,2022,4,,4517557
South Lake Tahoe,2022,4,198.71,4118833
Stanislaus County - Unincorporated,2022,4,,5368889
Stockton,2022,4,44.74,14404977
Ukiah,2022,4,81.11,1302059
Undisclosed,2022,4,,243468184
Vallejo,2022,4,58.84,7246497
Vista,2022,4,287.82,28775965
West Hollywood,2022,4,202.95,7089205
Willits,2022,4,109.92,539311
Alameda,2022,3,37.68,2917839
Antioch,2022,3,90.1,10304848
Arcata,2022,3,124.11,2229032
Atwater,2022,3,49.24,1557677
Bellflower,2022,3,107.55,8350068
Berkeley,2022,3,60.69,7476604
Calaveras County - Unincorporated,2022,3,,2693745
Calexico,2022,3,36.15,1397381
California City,2022,3,204.61,3068217
Cathedral City,2022,3,54.95,2837024
Chula Vista,2022,3,40.91,11214888
Cloverdale,2022,3,52.03,461532
Coachella,2022,3,66.6,2793068
Culver City,2022,3,96.98,3876740
Davis,2022,3,104.87,6797658
Desert Hot Springs,2022,3,143.66,4653296
El Dorado County - Unincorporated,2022,3,,3720830
Emeryville,2022,3,116.39,1452356
Eureka,2022,3,114.52,3040858
Goleta,2022,3,90.67,2935655
Grover Beach,2022,3,491.29,6201671
Hesperia,2022,3,21.32,2129407
Humboldt County - Unincorporated,2022,3,,3316352
Irvine,2022,3,0.28,87781
Jurupa Valley,2022,3,149.07,15675365
Kern County - Unincorporated,2022,3,,215331
La Mesa,2022,3,347.07,20907920
Lake County - Unincorporated,2022,3,,506633
Lake Elsinore,2022,3,223.37,16080679
Lompoc,2022,3,139.89,6117938
Long Beach,2022,3,78.2,35994805
Los Angeles,2022,3,63.46,241341222
Los Angeles County - Unincorporated,2022,3,,685301
Lynwood,2022,3,118.85,7915380
Maywood,2022,3,237.88,5894548
Mendocino County - Unincorporated,2022,3,,2979113
Modesto,2022,3,51.83,11284714
Montebello,2022,3,55.77,3446964
Monterey County - Unincorporated,2022,3,,4677771
Moreno Valley,2022,3,39,8125307
Mount Shasta,2022,3,256.55,817895
Napa,2022,3,50.52,3917706
Needles,2022,3,1171.09,5613043
Oakland,2022,3,94.84,40004279
Pacifica,2022,3,108.57,4042938
Palm Desert,2022,3,128.66,6513570
Palm Springs,2022,3,175.93,7770180
Perris,2022,3,132.04,10362457
Port Hueneme,2022,3,698.38,15051595
Redding,2022,3,93.52,8702902
Riverside County - Unincorporated,2022,3,,3798909
Sacramento,2022,3,137.8,71237172
Salinas,2022,3,36.69,5862017
San Bernardino,2022,3,84.22,18573716
San Diego,2022,3,47,64536359
San Diego County - Unincorporated,2022,3,,3276224
San Francisco,2022,3,68.42,57276182
San Jose,2022,3,51.54,49680799
San Luis Obispo,2022,3,97.76,4619078
San Luis Obispo County - Unincorporated,2022,3,,1569601
San Rafael,2022,3,53.24,3207346
Santa Ana,2022,3,222.37,67658946
Santa Barbara,2022,3,73.67,6356645
Santa Cruz,2022,3,82.44,5231439
Santa Cruz County - Unincorporated,2022,3,,7819276
Santa Rosa,2022,3,72.03,12630766
Seaside,2022,3,144.35,4636120
Sonoma County - Unincorporated,2022,3,,4635080
South Lake Tahoe,2022,3,256.99,5326640
Stanislaus County - Unincorporated,2022,3,,5578754
Stockton,2022,3,43.29,13936917
Ukiah,2022,3,75.23,1207750
Undisclosed,2022,3,,250043661
Vallejo,2022,3,64.97,8002027
Vista,2022,3,282.63,28257608
West Hollywood,2022,3,189.05,6603612
Adelanto,2022,2,142.36,5184899
Alameda,2022,2,39.79,3081893
Antioch,2022,2,95.95,10973955
Arcata,2022,2,151.56,2722158
Atwater,2022,2,53.93,1705794
Bellflower,2022,2,105.74,8209946
Berkeley,2022,2,83.98,10345556
Calaveras County - Unincorporated,2022,2,,2907756
Calexico,2022,2,48.29,1866793
California City,2022,2,202.64,3038643
Cathedral City,2022,2,71.84,3708700
Chula Vista,2022,2,36.48,10000910
Cloverdale,2022,2,54.59,484178
Coachella,2022,2,84.51,3544143
Culver City,2022,2,198.83,7947952
Davis,2022,2,119.8,7765207
Desert Hot Springs,2022,2,161.18,5220673
El Dorado County - Unincorporated,2022,2,,3839097
Emeryville,2022,2,137.92,1721047
Eureka,2022,2,131.27,3485581
Goleta,2022,2,102.48,3317961
Grover Beach,2022,2,513.34,6479953
Hesperia,2022,2,24.66,2463371
Humboldt County - Unincorporated,2022,2,,3014451
Jurupa Valley,2022,2,184.38,19388495
Kern County - Unincorporated,2022,2,,430330
La Mesa,2022,2,413.57,24913852
Lake Elsinore,2022,2,234.68,16894652
Lompoc,2022,2,154.55,6759038
Long Beach,2022,2,79.1,36407756
Los Angeles,2022,2,68.53,260621685
Los Angeles County - Unincorporated,2022,2,,702116
Lynwood,2022,2,128.27,8542627
Maywood,2022,2,271.7,6732613
Mendocino County - Unincorporated,2022,2,,3119538
Modesto,2022,2,56.67,12339103
Montebello,2022,2,164.42,10162248
Monterey County - Unincorporated,2022,2,,4848847
Moreno Valley,2022,2,47,9790223
Mount Shasta,2022,2,278.6,888194
Napa,2022,2,43.71,3389161
Needles,2022,2,1258.84,6033627
Oakland,2022,2,100.71,42481009
Pacifica,2022,2,103.24,3844613
Palm Desert,2022,2,176.7,8945650
Palm Springs,2022,2,239.73,10587727
Pasadena,2022,2,25.58,3525389
Perris,2022,2,147.51,11575902
Port Hueneme,2022,2,888.02,19138622
Redding,2022,2,100.02,9308192
Riverside County - Unincorporated,2022,2,,2396040
Sacramento,2022,2,142.84,73843479
Salinas,2022,2,37.55,5998554
San Bernardino,2022,2,124.5,27454991
San Diego,2022,2,55.11,75663519
San Diego County - Unincorporated,2022,2,,3316507
San Francisco,2022,2,68.66,57473505
San Jose,2022,2,54.25,52285868
San Leandro,2022,2,73.48,6472382
San Luis Obispo County - Unincorporated,2022,2,,3899880
San Rafael,2022,2,54.99,3312537
Santa Ana,2022,2,238.29,72501905
Santa Barbara,2022,2,77.56,6692389
Santa Cruz,2022,2,91.19,5786595
Santa Cruz County - Unincorporated,2022,2,,8161837
Santa Rosa,2022,2,76.54,13422267
Seaside,2022,2,158.89,5103057
Shasta Lake,2022,2,187.22,1928758
Sonoma County - Unincorporated,2022,2,,5222162
South Lake Tahoe,2022,2,379.71,7870440
Stanislaus County - Unincorporated,2022,2,,6476031
Stockton,2022,2,45.38,14610591
Undisclosed,2022,2,,239495007
Vallejo,2022,2,73.85,9095084
Vista,2022,2,350.41,35034143
West Hollywood,2022,2,176.54,6166882
Alameda,2022,1,45.28,3506553
Antioch,2022,1,89.56,10242924
Arcata,2022,1,123.36,2215588
Atwater,2022,1,53.32,1686490
Bellflower,2022,1,106.03,8232321
Berkeley,2022,1,61.08,7524372
Calaveras County - Unincorporated,2022,1,,2644282
Calexico,2022,1,52.23,2018901
California City,2022,1,212.68,3189216
Cathedral City,2022,1,76.08,3927486
Chula Vista,2022,1,35.93,9847879
Cloverdale,2022,1,50.52,448079
Coachella,2022,1,71.79,3010893
Culver City,2022,1,248.11,9917640
Davis,2022,1,121.19,7855395
Desert Hot Springs,2022,1,163.2,5285945
El Dorado County - Unincorporated,2022,1,,3433522
Emeryville,2022,1,144.07,1797782
Eureka,2022,1,120.4,3197046
Goleta,2022,1,111.92,3623465
Grover Beach,2022,1,511.8,6460516
Hesperia,2022,1,24.85,2481855
Humboldt County - Unincorporated,2022,1,,2185337
Jurupa Valley,2022,1,185.01,19455316
Kern County - Unincorporated,2022,1,,527788
La Mesa,2022,1,309.27,18630648
Lake Elsinore,2022,1,239.49,17240882
Lompoc,2022,1,138.25,6046218
Long Beach,2022,1,75.67,34828875
Los Angeles,2022,1,69.21,263195310
Los Angeles County - Unincorporated,2022,1,,681759
Lynwood,2022,1,161.1,10729073
Maywood,2022,1,278.46,6900191
Mendocino County - Unincorporated,2022,1,,3870014
Modesto,2022,1,60.35,13139482
Monterey County - Unincorporated,2022,1,,4654524
Moreno Valley,2022,1,45.46,9469681
Mount Shasta,2022,1,237.17,756110
Napa,2022,1,32.82,2544643
Needles,2022,1,1279.99,6135009
Oakland,2022,1,92.08,38843050
Pacifica,2022,1,90.05,3353188
Palm Desert,2022,1,207.35,10497758
Palm Springs,2022,1,237.82,10503602
Perris,2022,1,162.44,12748011
Port Hueneme,2022,1,689.22,14854074
Redding,2022,1,96.52,8982421
Sacramento,2022,1,143.56,74216193
Salinas,2022,1,36.67,5859000
San Bernardino,2022,1,76.08,16778044
San Diego,2022,1,49.1,67417650
San Diego County - Unincorporated,2022,1,,2895581
San Francisco,2022,1,66.91,56011298
San Jose,2022,1,54.07,52109981
San Leandro,2022,1,71.3,6279958
San Luis Obispo County - Unincorporated,2022,1,,1573120
San Rafael,2022,1,56.15,3382856
Santa Ana,2022,1,225.99,68760701
Santa Barbara,2022,1,72.28,6237086
Santa Cruz,2022,1,87.57,5556678
Santa Cruz County - Unincorporated,2022,1,,7752038
Santa Rosa,2022,1,61.65,10810741
Seaside,2022,1,146.28,4697905
Shasta Lake,2022,1,186.88,1925283
Sonoma County - Unincorporated,2022,1,,5260716
Stanislaus County - Unincorporated,2022,1,,6905811
Stockton,2022,1,45.52,14654942
Undisclosed,2022,1,,236199177
Vallejo,2022,1,74.02,9116755
Vista,2022,1,260.59,26053318
West Hollywood,2022,1,159.25,5562806
Adelanto,2021,4,162.98,5981705
Antioch,2021,4,110.51,12698937
Arcata,2021,4,142.35,2503944
Bellflower,2021,4,114.64,9004997
Berkeley,2021,4,66.2,7972482
Calaveras County - Unincorporated,2021,4,,2712773
Calexico,2021,4,97.3,3784958
California City,2021,4,248.77,3723120
Cathedral City,2021,4,79.07,4080199
Chula Vista,2021,4,32.4,8897197
Cloverdale,2021,4,54.17,488353
Contra Costa County - Unincorporated,2021,4,,1472574
Davis,2021,4,129.61,8571009
Desert Hot Springs,2021,4,176.23,5701528
El Dorado County - Unincorporated,2021,4,,3299803
Emeryville,2021,4,166.75,2110289
Eureka,2021,4,158.06,4269434
Goleta,2021,4,110.37,3652857
Grover Beach,2021,4,545.34,6982030
Hesperia,2021,4,28.11,2809601
Humboldt County - Unincorporated,2021,4,,3220214
Irvine,2021,4,0.15,47674
Jurupa Valley,2021,4,195.37,20540033
Kern County - Unincorporated,2021,4,,485383
La Mesa,2021,4,372.31,22497343
Lake County - Unincorporated,2021,4,,58517
Lake Elsinore,2021,4,309.88,22071593
Lompoc,2021,4,237.6,10442914
Long Beach,2021,4,83.35,38369967
Los Angeles,2021,4,73.1,282111764
Los Angeles County - Unincorporated,2021,4,,683880
Lynwood,2021,4,188.38,12675534
Maywood,2021,4,290.51,7276762
Mendocino County - Unincorporated,2021,4,,4037506
Modesto,2021,4,65.55,14337539
Monterey County - Unincorporated,2021,4,,5413005
Moreno Valley,2021,4,50.17,10456204
Napa,2021,4,42.14,3305257
Needles,2021,4,1182.76,5738757
Oakland,2021,4,104.91,45209689
Pacifica,2021,4,98.78,3765406
Palm Desert,2021,4,210.88,10688434
Palm Springs,2021,4,246.04,10902568
Perris,2021,4,194.99,15378683
Port Hueneme,2021,4,680.68,15096254
Redding,2021,4,103.83,9743410
Sacramento,2021,4,157.03,81319004
Salinas,2021,4,42.01,6781057
San Bernardino,2021,4,82.66,18298020
San Diego,2021,4,62.26,85650481
San Diego County - Unincorporated,2021,4,,2504502
San Francisco,2021,4,79.98,68264119
San Jose,2021,4,54.44,53871224
San Leandro,2021,4,80.11,7208826
San Luis Obispo County - Unincorporated,2021,4,,641470
San Rafael,2021,4,61.93,3785112
Santa Ana,2021,4,235.57,73436466
Santa Barbara,2021,4,96.17,8475905
Santa Cruz,2021,4,99.38,5672391
Santa Cruz County - Unincorporated,2021,4,,8643021
Santa Rosa,2021,4,65.66,11648549
Seaside,2021,4,163.21,5078829
Shasta Lake,2021,4,203.14,2104554
Sonoma County - Unincorporated,2021,4,,5711704
Stanislaus County - Unincorporated,2021,4,,7771264
Stockton,2021,4,48.17,15565538
Undisclosed,2021,4,,244129738
Vallejo,2021,4,79.41,9887434
Vista,2021,4,260.08,25816035
West Hollywood,2021,4,179.44,6320778
Adelanto,2021,3,157.14,5767521
Antioch,2021,3,117.15,13460870
Arcata,2021,3,162.47,2857732
Bellflower,2021,3,119.03,9349566
Berkeley,2021,3,68.48,8246282
Calaveras County - Unincorporated,2021,3,,3375526
California City,2021,3,243.3,3641263
Cathedral City,2021,3,74.42,3840079
Davis,2021,3,134.94,8923290
Desert Hot Springs,2021,3,177.06,5728070
El Dorado County - Unincorporated,2021,3,,4064193
Emeryville,2021,3,187.49,2372714
Eureka,2021,3,161.99,4375676
Goleta,2021,3,106.83,3535762
Grover Beach,2021,3,614.95,7873253
Hesperia,2021,3,29.26,2924860
Humboldt County - Unincorporated,2021,3,,3533995
Jurupa Valley,2021,3,194.63,20462192
Kern County - Unincorporated,2021,3,,530737
La Mesa,2021,3,309.74,18716505
Lake Elsinore,2021,3,279.1,19879055
Lompoc,2021,3,90.97,3998280
Long Beach,2021,3,84.69,38991001
Los Angeles,2021,3,78,301018098
Los Angeles County - Unincorporated,2021,3,,889592
Lynwood,2021,3,186.73,12564024
Maywood,2021,3,327.34,8199455
Mendocino County - Unincorporated,2021,3,,4657337
Modesto,2021,3,75.28,16464023
Monterey County - Unincorporated,2021,3,,5877461
Moreno Valley,2021,3,46.18,9624536
Napa,2021,3,37.81,2965571
Needles,2021,3,1123.26,5450085
Oakland,2021,3,106.3,45805803
Palm Desert,2021,3,182.48,9249045
Palm Springs,2021,3,249.95,11076162
Perris,2021,3,225.81,17809162
Port Hueneme,2021,3,687.89,15256186
Redding,2021,3,117.69,11043892
Sacramento,2021,3,165.11,85499397
Salinas,2021,3,46.22,7460446
San Bernardino,2021,3,80,17709066
San Diego,2021,3,53.62,73765956
San Diego County - Unincorporated,2021,3,,2460842
San Francisco,2021,3,70.37,60055695
San Jose,2021,3,55.52,54931386
San Leandro,2021,3,74.68,6720214
San Luis Obispo County - Unincorporated,2021,3,,677760
San Rafael,2021,3,65.24,3987507
Santa Ana,2021,3,244.85,76330645
Santa Barbara,2021,3,69.17,6096471
Santa Cruz,2021,3,105.08,5997330
Santa Cruz County - Unincorporated,2021,3,,9004944
Santa Rosa,2021,3,73.68,13072174
Seaside,2021,3,183.69,5715964
Shasta Lake,2021,3,247.36,2562734
Sonoma County - Unincorporated,2021,3,,6351646
Stanislaus County - Unincorporated,2021,3,,8545041
Stockton,2021,3,51.62,16678685
Undisclosed,2021,3,,239760744
Vallejo,2021,3,93.61,11655699
Vista,2021,3,238.11,23635398
West Hollywood,2021,3,178.08,6272692
Adelanto,2021,2,163.16,5988479
Antioch,2021,2,125.81,14456733
Arcata,2021,2,201.61,3546136
Bakersfield,2021,2,0.12,51791
Bellflower,2021,2,123.1,9669058
Berkeley,2021,2,92.86,11182454
Calaveras County - Unincorporated,2021,2,,3572807
California City,2021,2,259.45,3883028
Cathedral City,2021,2,82.54,4259365
Clearlake,2021,2,164.15,2739818
Davis,2021,2,151.49,10017926
Desert Hot Springs,2021,2,199.71,6461095
El Dorado County - Unincorporated,2021,2,,4592484
Emeryville,2021,2,204.99,2594175
Eureka,2021,2,356.97,9642142
Goleta,2021,2,84.37,2792372
Grover Beach,2021,2,657.14,8413471
Hesperia,2021,2,35.19,3517821
Humboldt County - Unincorporated,2021,2,,4625122
Jurupa Valley,2021,2,201.71,21206175
Kern County - Unincorporated,2021,2,,731000
La Mesa,2021,2,281.71,17023151
Lake Elsinore,2021,2,292.14,20808216
Lompoc,2021,2,407.83,17924913
Long Beach,2021,2,88.84,40900189
Los Angeles,2021,2,85.46,329827427
Los Angeles County - Unincorporated,2021,2,,1508428
Lynwood,2021,2,164.41,11062314
Maywood,2021,2,421.42,10555858
Mendocino County - Unincorporated,2021,2,,6192381
Modesto,2021,2,81.69,17867703
Monterey County - Unincorporated,2021,2,,5944371
Moreno Valley,2021,2,49.13,10239419
Mount Shasta,2021,2,356.68,1157456
Napa,2021,2,36.32,2849011
Needles,2021,2,1261.33,6119995
Oakland,2021,2,129.68,55881648
Palm Desert,2021,2,217.53,11025466
Palm Springs,2021,2,278.48,12340074
Perris,2021,2,235.16,18546668
Port Hueneme,2021,2,784.41,17396838
Redding,2021,2,123.58,11596138
Sacramento,2021,2,174.87,90552810
Salinas,2021,2,48.11,7764161
San Bernardino,2021,2,148.17,32798688
San Diego,2021,2,59.78,82235592
San Diego County - Unincorporated,2021,2,,2644842
San Francisco,2021,2,84.81,72381990
San Jose,2021,2,58.06,57449288
San Leandro,2021,2,78.76,7087047
San Luis Obispo County - Unincorporated,2021,2,,3328371
San Rafael,2021,2,67.42,4120642
Santa Ana,2021,2,223.6,69707346
Santa Barbara,2021,2,72.73,6410176
Santa Cruz,2021,2,113.3,6466595
Santa Cruz County - Unincorporated,2021,2,,10019527
Santa Rosa,2021,2,68.99,12238737
Seaside,2021,2,193.9,6033824
Shasta Lake,2021,2,295.16,3057864
Sonoma County - Unincorporated,2021,2,,7090645
South Lake Tahoe,2021,2,375.84,7930382
Stanislaus County - Unincorporated,2021,2,,9265176
Stockton,2021,2,52.61,16999805
Undisclosed,2021,2,,227428906
Vallejo,2021,2,105.3,13111157
Vista,2021,2,225.28,22362141
West Hollywood,2021,2,434.75,15313906
Arcata,2021,1,155.3,2731648
Bakersfield,2021,1,0.12,48537
Bellflower,2021,1,105.18,8261823
Berkeley,2021,1,78.86,9496811
Calaveras County - Unincorporated,2021,1,,2762063
California City,2021,1,229.06,3428137
Cathedral City,2021,1,80.21,4138760
Clearlake,2021,1,180.15,3006763
Davis,2021,1,148.83,9841775
Desert Hot Springs,2021,1,196.32,6351233
El Dorado County - Unincorporated,2021,1,,4285067
Eureka,2021,1,95.31,2574643
Goleta,2021,1,72.67,2404982
Grover Beach,2021,1,685.72,8779311
Hesperia,2021,1,38.7,3868480
Humboldt County - Unincorporated,2021,1,,3670188
Jurupa Valley,2021,1,173.3,18219777
Kern County - Unincorporated,2021,1,,610756
La Mesa,2021,1,238.18,14392401
Lake Elsinore,2021,1,251.58,17918944
Lompoc,2021,1,67.32,2958863
Long Beach,2021,1,79.06,36396641
Los Angeles,2021,1,75.37,290889701
Los Angeles County - Unincorporated,2021,1,,568208
Lynwood,2021,1,120.48,8106445
Maywood,2021,1,376.3,9425800
Mendocino County - Unincorporated,2021,1,,5104544
Modesto,2021,1,81.67,17862050
Monterey County - Unincorporated,2021,1,,5305235
Moreno Valley,2021,1,39.32,8195860
Napa,2021,1,30.42,2386226
Needles,2021,1,1295.2,6284337
Oakland,2021,1,116.7,50286482
Palm Desert,2021,1,213.9,10841574
Palm Springs,2021,1,262.13,11615667
Perris,2021,1,227.11,17911929
Port Hueneme,2021,1,673.71,14941613
Redding,2021,1,108.33,10165446
Sacramento,2021,1,162.19,83986354
Salinas,2021,1,43.87,7079996
San Bernardino,2021,1,48.89,10822575
San Diego,2021,1,49.74,68432130
San Diego County - Unincorporated,2021,1,,2642220
San Francisco,2021,1,69.92,59671006
San Jose,2021,1,56.64,56046698
San Leandro,2021,1,72.03,6481521
San Luis Obispo County - Unincorporated,2021,1,,932581
San Rafael,2021,1,64.94,3969278
Santa Ana,2021,1,206.18,64276281
Santa Barbara,2021,1,69.26,6104622
Santa Cruz,2021,1,102.47,5848464
Santa Cruz County - Unincorporated,2021,1,,9297219
Santa Rosa,2021,1,55.42,9832521
Seaside,2021,1,197.35,6140940
Shasta Lake,2021,1,269.99,2797191
Sonoma County - Unincorporated,2021,1,,6828351
Stanislaus County - Unincorporated,2021,1,,8820209
Stockton,2021,1,54.68,17669086
Undisclosed,2021,1,,218728943
Vallejo,2021,1,97.75,12170992
Vista,2021,1,193.18,19175620
West Hollywood,2021,1,174.54,6148256
Adelanto,2020,4,133.3,4887169
Arcata,2020,4,143.08,2660254
Bellflower,2020,4,93.49,7375273
Berkeley,2020,4,75.35,9557555
Calaveras County - Unincorporated,2020,4,,2245824
Calexico,2020,4,31.78,1230872
California City,2020,4,196.76,2954226
Cathedral City,2020,4,86.23,4428486
Clearlake,2020,4,155.87,2630425
Davis,2020,4,140.43,9084203
Desert Hot Springs,2020,4,187.08,6064509
El Dorado County - Unincorporated,2020,4,,4081085
Eureka,2020,4,89.2,2406358
Goleta,2020,4,80.56,2634143
Grover Beach,2020,4,671.13,8560344
Hesperia,2020,4,44.47,4442403
Humboldt County - Unincorporated,2020,4,,3494647
Irvine,2020,4,0.28,87167
Jurupa Valley,2020,4,131.82,13818876
Kern County - Unincorporated,2020,4,,633305
La Mesa,2020,4,232.89,14085971
Lake Elsinore,2020,4,190.7,13458135
Lompoc,2020,4,79.18,3515401
Long Beach,2020,4,77.16,35819878
Los Angeles,2020,4,74.82,291539779
Los Angeles County - Unincorporated,2020,4,,365536
Lynwood,2020,4,119.89,8221683
Maywood,2020,4,373.27,9382223
Mendocino County - Unincorporated,2020,4,,4826972
Modesto,2020,4,73.67,16135955
Monterey County - Unincorporated,2020,4,,6568189
Moreno Valley,2020,4,28.48,5932505
Napa,2020,4,31.15,2418617
Needles,2020,4,1230.05,6064167
Oakland,2020,4,125.53,54375396
Palm Desert,2020,4,208.04,10547132
Palm Springs,2020,4,262.06,11584691
Perris,2020,4,198.35,15593735
Port Hueneme,2020,4,693.97,15403481
Redding,2020,4,96.96,9099054
Redwood City,2020,4,58.15,4855212
Sacramento,2020,4,159.53,82998681
San Bernardino,2020,4,49.2,10993790
San Diego,2020,4,57.63,79561831
San Diego County - Unincorporated,2020,4,,2668167
San Francisco,2020,4,74.03,64707702
San Jose,2020,4,54.1,54957787
San Leandro,2020,4,68.89,6259435
San Luis Obispo County - Unincorporated,2020,4,,946999
San Rafael,2020,4,67.91,4176710
Santa Ana,2020,4,200.89,62358822
Santa Barbara,2020,4,84.24,7369833
Santa Cruz,2020,4,99.14,6418038
Santa Cruz County - Unincorporated,2020,4,,9602529
Santa Rosa,2020,4,55.25,9836879
Seaside,2020,4,181.22,5927499
Shasta Lake,2020,4,272.58,2817398
Sonoma County - Unincorporated,2020,4,,7524142
Stanislaus County - Unincorporated,2020,4,,8461389
Stockton,2020,4,52.25,16902520
Trinity County - Unincorporated,2020,4,,250369
Undisclosed,2020,4,,206910471
Vallejo,2020,4,94,11825186
Vista,2020,4,178.1,17532797
West Hollywood,2020,4,185.27,6613864
Adelanto,2020,3,135.43,4965200
Arcata,2020,3,156.03,2901042
Berkeley,2020,3,82.29,10438250
California City,2020,3,174.73,2623529
Cathedral City,2020,3,97.91,5028346
Clearlake,2020,3,188.69,3184225
Davis,2020,3,141.35,9143955
Desert Hot Springs,2020,3,188.77,6119104
El Dorado County - Unincorporated,2020,3,,4682545
Eureka,2020,3,99.31,2679314
Goleta,2020,3,83.62,2734106
Grover Beach,2020,3,831.9,10610989
Hesperia,2020,3,42,4195169
Humboldt County - Unincorporated,2020,3,,4132879
Kern County - Unincorporated,2020,3,,603308
La Mesa,2020,3,239.31,14473799
Lake Elsinore,2020,3,162.11,11440774
Lompoc,2020,3,86.28,3830755
Long Beach,2020,3,77.85,36139335
Los Angeles,2020,3,82.19,320239395
Los Angeles County - Unincorporated,2020,3,,373879
Maywood,2020,3,566.73,14244980
Mendocino County - Unincorporated,2020,3,,5953484
Modesto,2020,3,86.7,18990645
Monterey County - Unincorporated,2020,3,,5633477
Moreno Valley,2020,3,18.74,3902589
Needles,2020,3,988.08,4871263
Oakland,2020,3,133.89,57994490
Palm Desert,2020,3,194.05,9837809
Palm Springs,2020,3,216.45,9568632
Perris,2020,3,191.85,15082831
Port Hueneme,2020,3,727.11,16139099
Redding,2020,3,107.08,10048876
Sacramento,2020,3,175.61,91368536
Salinas,2020,3,16.85,2723037
San Bernardino,2020,3,55.95,12503884
San Diego,2020,3,49.4,68203281
San Diego County - Unincorporated,2020,3,,2855874
San Francisco,2020,3,78.47,68586020
San Jose,2020,3,53,53846918
San Leandro,2020,3,60.53,5499566
San Luis Obispo County - Unincorporated,2020,3,,1015860
San Rafael,2020,3,69.52,4275746
Santa Ana,2020,3,187.85,58313095
Santa Barbara,2020,3,67.58,5912288
Santa Cruz,2020,3,90.57,5862908
Santa Cruz County - Unincorporated,2020,3,,10528590
Santa Rosa,2020,3,59.59,10609043
Seaside,2020,3,203.41,6653229
Shasta Lake,2020,3,339.35,3507621
Sonoma County - Unincorporated,2020,3,,7429079
Stanislaus County - Unincorporated,2020,3,,10141640
Stockton,2020,3,61.8,19991803
Trinity County - Unincorporated,2020,3,,136523
Undisclosed,2020,3,,212290512
Vallejo,2020,3,107.1,13472455
Vista,2020,3,163.75,16119691
West Hollywood,2020,3,201.06,7177379
Adelanto,2020,2,115.99,4252633
Arcata,2020,2,138.46,2574283
Berkeley,2020,2,74.23,9416077
Calaveras County - Unincorporated,2020,2,,1453370
California City,2020,2,117.57,1765317
Cathedral City,2020,2,94.01,4828111
Clearlake,2020,2,185.57,3131542
Davis,2020,2,123.39,7981811
Desert Hot Springs,2020,2,190.68,6180962
El Dorado County - Unincorporated,2020,2,,4497154
Eureka,2020,2,160.77,4337096
Goleta,2020,2,57.64,1884779
Grover Beach,2020,2,795.66,10148730
Hesperia,2020,2,43.23,4318537
Humboldt County - Unincorporated,2020,2,,3772501
Irvine,2020,2,1.16,358542
Kern County - Unincorporated,2020,2,,924329
La Mesa,2020,2,111.09,6719411
Lompoc,2020,2,223.3,9913287
Long Beach,2020,2,61.68,28630680
Los Angeles,2020,2,66.24,258085282
Los Angeles County - Unincorporated,2020,2,,495084
Maywood,2020,2,434.38,10918323
Mendocino County - Unincorporated,2020,2,,5205861
Modesto,2020,2,73.87,16179948
Monterey County - Unincorporated,2020,2,,7221766
Mount Shasta,2020,2,349.53,1133906
Needles,2020,2,891.12,4393236
Oakland,2020,2,131.76,57073712
Palm Desert,2020,2,174.05,8824063
Palm Springs,2020,2,165.77,7328243
Perris,2020,2,170.24,13383927
Port Hueneme,2020,2,682.8,15155567
Redding,2020,2,85.91,8061711
Sacramento,2020,2,150.6,78356105
Salinas,2020,2,16.31,2635971
San Bernardino,2020,2,47.35,10581148
San Bernardino County - Unincorporated,2020,2,,42486
San Diego,2020,2,47.14,65083689
San Diego County - Unincorporated,2020,2,,2884218
San Francisco,2020,2,74.68,65272499
San Jose,2020,2,46.81,47558125
San Leandro,2020,2,49.96,4539238
San Luis Obispo County - Unincorporated,2020,2,,1860971
San Rafael,2020,2,70.06,4309241
Santa Ana,2020,2,153.19,47553594
Santa Barbara,2020,2,64.78,5667399
Santa Cruz,2020,2,95.73,6196813
Santa Cruz County - Unincorporated,2020,2,,10616029
Santa Rosa,2020,2,49.36,8788707
Seaside,2020,2,175.87,5752487
Shasta Lake,2020,2,401.72,4152208
Sonoma County - Unincorporated,2020,2,,7273602
Stanislaus County - Unincorporated,2020,2,,11082275
Stockton,2020,2,47.59,15395719
Undisclosed,2020,2,,176683046
Vallejo,2020,2,96.97,12198705
Vista,2020,2,124.87,12292893
West Hollywood,2020,2,157.84,5634649
Adelanto,2020,1,71.98,2639258
Arcata,2020,1,102.64,1908314
Berkeley,2020,1,85.37,10829009
Cathedral City,2020,1,90.79,4662669
Clearlake,2020,1,106.22,1792491
Davis,2020,1,89.4,5783596
Desert Hot Springs,2020,1,133.49,4327336
El Dorado County - Unincorporated,2020,1,,3205529
Eureka,2020,1,80.85,2181097
Hesperia,2020,1,29.57,2953965
Humboldt County - Unincorporated,2020,1,,2700937
Kern County - Unincorporated,2020,1,,605266
Lompoc,2020,1,54.66,2426955
Long Beach,2020,1,49.92,23173099
Los Angeles,2020,1,54.61,212784880
Maywood,2020,1,242.75,6101750
Mendocino County - Unincorporated,2020,1,,4071360
Modesto,2020,1,44.29,9701390
Monterey County - Unincorporated,2020,1,,3930283
Needles,2020,1,530.18,2613802
Oakland,2020,1,85.73,37137754
Palm Desert,2020,1,156.63,7940679
Palm Springs,2020,1,161.68,7147492
Perris,2020,1,125.37,9856320
Port Hueneme,2020,1,535.55,11887261
Redding,2020,1,52.47,4923864
Sacramento,2020,1,111.46,57989752
Salinas,2020,1,10.7,1729940
San Bernardino,2020,1,28.86,6450833
San Diego,2020,1,39.38,54369097
San Diego County - Unincorporated,2020,1,,2451236
San Francisco,2020,1,69.74,60955264
San Jose,2020,1,47.24,47991791
San Leandro,2020,1,31.86,2894813
San Rafael,2020,1,43.83,2695873
Santa Ana,2020,1,115.35,35807614
Santa Barbara,2020,1,61.96,5420237
Santa Cruz,2020,1,75.61,4894399
Santa Cruz County - Unincorporated,2020,1,,9413036
Santa Rosa,2020,1,41.53,7393789
Seaside,2020,1,149.12,4877667
Sonoma County - Unincorporated,2020,1,,5865574
Stanislaus County - Unincorporated,2020,1,,7692474
Stockton,2020,1,34.66,11213889
Undisclosed,2020,1,,133460059
Vallejo,2020,1,80.47,10122458
Vista,2020,1,64,6300592
West Hollywood,2020,1,240.77,8595052
Adelanto,2019,4,67.23,2385694
Arcata,2019,4,111.3,2022332
Berkeley,2019,4,91.91,11241055
Calaveras County - Unincorporated,2019,4,,890289
Cathedral City,2019,4,84.52,4505954
Clearlake,2019,4,145.42,2047441
Contra Costa County - Unincorporated,2019,4,,771380
Davis,2019,4,70.96,4889587
Desert Hot Springs,2019,4,137.1,4115880
El Dorado County - Unincorporated,2019,4,,2835686
Eureka,2019,4,81.58,2180913
Hesperia,2019,4,18.95,1802029
Humboldt County - Unincorporated,2019,4,,2827559
Kern County - Unincorporated,2019,4,,476301
Lompoc,2019,4,43.19,1888410
Long Beach,2019,4,43.17,20417974
Los Angeles,2019,4,47.11,187799796
Maywood,2019,4,188.16,5258358
Mendocino County - Unincorporated,2019,4,,4329405
Modesto,2019,4,28.29,6143319
Monterey County - Unincorporated,2019,4,,3649843
Mount Shasta,2019,4,196.82,670567
Needles,2019,4,357.67,1936119
Oakland,2019,4,77.9,33493827
Palm Desert,2019,4,115.72,6213735
Palm Springs,2019,4,122.03,5785794
Perris,2019,4,94.26,7361436
Port Hueneme,2019,4,461.9,10879780
Sacramento,2019,4,107.78,54699891
San Diego,2019,4,37.3,53036021
San Diego County - Unincorporated,2019,4,,1777238
San Francisco,2019,4,73.99,65626217
San Jose,2019,4,45.58,47574413
San Leandro,2019,4,26.51,2341758
San Rafael,2019,4,32.97,1969055
Santa Ana,2019,4,95.58,31947820
Santa Barbara,2019,4,53.45,4967345
Santa Cruz,2019,4,65.45,4281692
Santa Cruz County - Unincorporated,2019,4,,9509594
Santa Rosa,2019,4,38.38,6713633
Seaside,2019,4,139.93,4628335
Sonoma County - Unincorporated,2019,4,,5880267
Stanislaus County - Unincorporated,2019,4,,8337373
Stockton,2019,4,24.4,7745648
Trinity County - Unincorporated,2019,4,,91071
Undisclosed,2019,4,,128282432
Vallejo,2019,4,78.32,9284681
Vista,2019,4,13.26,1356326
West Hollywood,2019,4,263.66,9629423
Arcata,2019,3,117.43,2133624
Berkeley,2019,3,97.68,11946779
Cathedral City,2019,3,66.36,3537597
Clearlake,2019,3,155.49,2189154
Costa Mesa,2019,3,0.27,31911
Davis,2019,3,64.84,4467887
Desert Hot Springs,2019,3,100.36,3012771
El Dorado County - Unincorporated,2019,3,,3389120
Eureka,2019,3,90.51,2419441
Hesperia,2019,3,10.96,1042230
Humboldt County - Unincorporated,2019,3,,2944712
Kern County - Unincorporated,2019,3,,453502
Lompoc,2019,3,36.94,1615185
Long Beach,2019,3,36.86,17432291
Los Angeles,2019,3,41.83,166745453
Maywood,2019,3,156.42,4371326
Mendocino County - Unincorporated,2019,3,,4833543
Modesto,2019,3,32.43,7041877
Monterey County - Unincorporated,2019,3,,3979981
Mount Shasta,2019,3,267.72,912129
Needles,2019,3,307.64,1665285
Oakland,2019,3,75.98,32670357
Palm Desert,2019,3,90.31,4849209
Palm Springs,2019,3,110.34,5231444
Perris,2019,3,79.63,6219138
Port Hueneme,2019,3,438.82,10336044
Sacramento,2019,3,110.81,56237196
Salinas,2019,3,10.9,1750192
San Diego,2019,3,37.54,53381035
San Diego County - Unincorporated,2019,3,,2267184
San Francisco,2019,3,75.01,66530684
San Jose,2019,3,47.8,49887883
San Rafael,2019,3,29.72,1774982
Santa Ana,2019,3,92.29,30846554
Santa Barbara,2019,3,27.53,2558862
Santa Cruz,2019,3,72.15,4719817
Santa Cruz County - Unincorporated,2019,3,,10311614
Santa Rosa,2019,3,36.97,6467211
Seaside,2019,3,137.72,4555086
Sonoma County - Unincorporated,2019,3,,6683806
Stanislaus County - Unincorporated,2019,3,,7451884
Undisclosed,2019,3,,113378876
Vallejo,2019,3,88.89,10537361
West Hollywood,2019,3,197.15,7200412
Adelanto,2019,2,121.15,4298735
Alameda County - Unincorporated,2019,2,,9204280
Arcata,2019,2,125.94,2288211
Berkeley,2019,2,93.56,11442450
Calaveras County - Unincorporated,2019,2,,1041207
Cathedral City,2019,2,70.74,3771010
Clearlake,2019,2,134.3,1890869
Costa Mesa,2019,2,0.46,52838
Daly City,2019,2,1.25,137062
Davis,2019,2,52.5,3617665
Desert Hot Springs,2019,2,133.61,4011086
El Dorado County - Unincorporated,2019,2,,3228027
Eureka,2019,2,78.49,2098353
Hesperia,2019,2,7.54,717216
Humboldt County - Unincorporated,2019,2,,2371321
Huntington Beach,2019,2,1.83,366775
Kern County - Unincorporated,2019,2,,983379
Long Beach,2019,2,32.03,15148566
Los Angeles,2019,2,38.43,153191358
Los Angeles County - Unincorporated,2019,2,,1011591
Maywood,2019,2,134,3744750
Mendocino County - Unincorporated,2019,2,,4599382
Monterey County - Unincorporated,2019,2,,3906902
Mount Shasta,2019,2,206.98,705210
Needles,2019,2,372.82,2018084
Oakland,2019,2,75.84,32607351
Palm Desert,2019,2,98.97,5314225
Palm Springs,2019,2,117.33,5563067
Perris,2019,2,47.26,3691510
Port Hueneme,2019,2,374.98,8832376
Sacramento,2019,2,96.79,49120762
Salinas,2019,2,10.87,1746185
San Bernardino,2019,2,17.42,3792662
San Bernardino County - Unincorporated,2019,2,,243886
San Diego,2019,2,35.89,51032730
San Diego County - Unincorporated,2019,2,,2297464
San Francisco,2019,2,71.23,63178126
San Jose,2019,2,45.84,47840488
San Rafael,2019,2,23.21,1386168
Santa Ana,2019,2,83.72,27985068
Santa Cruz,2019,2,63.21,4135232
Santa Cruz County - Unincorporated,2019,2,,10176915
Santa Rosa,2019,2,32.66,5713379
Seaside,2019,2,130.08,4302333
Shasta Lake,2019,2,389.47,4118673
Stanislaus County - Unincorporated,2019,2,,6877306
Undisclosed,2019,2,,89769026
Vallejo,2019,2,76.8,9103530
West Hollywood,2019,2,189.39,6916979
Alameda County - Unincorporated,2019,1,,8276527
Arcata,2019,1,111.44,2024896
Berkeley,2019,1,89.98,11004424
Cathedral City,2019,1,78.4,4179849
Clearlake,2019,1,83.22,1171781
Daly City,2019,1,1.25,137331
Davis,2019,1,37.2,2563331
Desert Hot Springs,2019,1,95.45,2865328
El Dorado County - Unincorporated,2019,1,,2827411
Hesperia,2019,1,6.18,587933
Humboldt County - Unincorporated,2019,1,,1866086
Kern County - Unincorporated,2019,1,,1792007
Long Beach,2019,1,25.1,11871518
Los Angeles,2019,1,32.93,131296026
Los Angeles County - Unincorporated,2019,1,,1021875
Mendocino County - Unincorporated,2019,1,,3780200
Monterey County - Unincorporated,2019,1,,3166049
Mount Shasta,2019,1,169.16,576351
Needles,2019,1,296.84,1606832
Oakland,2019,1,69.66,29949106
Palm Desert,2019,1,60.34,3240120
Palm Springs,2019,1,116.48,5522640
Perris,2019,1,39.55,3089077
Port Hueneme,2019,1,293.64,6916426
Sacramento,2019,1,78.54,39861027
Salinas,2019,1,9.83,1578901
San Bernardino County - Unincorporated,2019,1,,233718
San Diego,2019,1,32.7,46498528
San Diego County - Unincorporated,2019,1,,1974629
San Francisco,2019,1,65.33,57942597
San Jose,2019,1,41.76,43586992
San Rafael,2019,1,18.15,1083809
Santa Ana,2019,1,74.23,24810804
Santa Cruz,2019,1,38.71,2532231
Santa Cruz County - Unincorporated,2019,1,,9518330
Santa Rosa,2019,1,27.79,4860955
Seaside,2019,1,91.92,3040382
Shasta Lake,2019,1,306.27,3238839
Stanislaus County - Unincorporated,2019,1,,8169980
Undisclosed,2019,1,,73744280
Vallejo,2019,1,66.3,7859319
West Hollywood,2019,1,191.19,6982603
Adelanto,2018,4,17.87,632073
Berkeley,2018,4,93.7,11409939
Calaveras County - Unincorporated,2018,4,,1049691
Cathedral City,2018,4,77.07,4096402
Clearlake,2018,4,40.09,576897
Costa Mesa,2018,4,0.42,48110
Davis,2018,4,26.41,1807808
Desert Hot Springs,2018,4,91.1,2716966
El Dorado County - Unincorporated,2018,4,,2949094
Goleta,2018,4,43.88,1381245
Humboldt County - Unincorporated,2018,4,,1727207
Huntington Beach,2018,4,1.1,220336
Kern County - Unincorporated,2018,4,,1959866
Long Beach,2018,4,17.71,8403706
Los Angeles,2018,4,32.23,128808830
Los Angeles County - Unincorporated,2018,4,,904111
Mendocino County - Unincorporated,2018,4,,3991238
Monterey County - Unincorporated,2018,4,,3135536
Mount Shasta,2018,4,180.95,614721
Oakland,2018,4,71.32,30580481
Palm Springs,2018,4,97.5,4607520
Perris,2018,4,29.3,2275447
Port Hueneme,2018,4,245.29,5748976
Riverside,2018,4,0.33,108033
Riverside County - Unincorporated,2018,4,,45642
Sacramento,2018,4,79.43,39786373
Salinas,2018,4,17.37,2776599
San Bernardino County - Unincorporated,2018,4,,288573
San Diego,2018,4,31.06,44013702
San Diego County - Unincorporated,2018,4,,2754562
San Francisco,2018,4,68.65,60808787
San Jose,2018,4,41.66,43575370
Santa Ana,2018,4,77.83,26157954
Santa Barbara County - Unincorporated,2018,4,,333167
Santa Cruz,2018,4,40.63,2655939
Santa Cruz County - Unincorporated,2018,4,,10235716
Santa Rosa,2018,4,27.74,4911897
Stanislaus County - Unincorporated,2018,4,,9070648
Truckee,2018,4,26.69,429769
Undisclosed,2018,4,,80779632
Vallejo,2018,4,62.26,7389791
West Hollywood,2018,4,208.62,7652129
Alameda County - Unincorporated,2018,3,,7508141
Berkeley,2018,3,102.32,12459706
Cathedral City,2018,3,57.97,3081047
Clearlake,2018,3,26.4,379854
Desert Hot Springs,2018,3,77.05,2297965
El Dorado County - Unincorporated,2018,3,,3085940
Humboldt County - Unincorporated,2018,3,,1726295
Kern County - Unincorporated,2018,3,,1998166
Long Beach,2018,3,8.67,4116500
Los Angeles,2018,3,25.94,103677026
Los Angeles County - Unincorporated,2018,3,,860289
Mendocino County - Unincorporated,2018,3,,3607374
Monterey County - Unincorporated,2018,3,,2989924
Mount Shasta,2018,3,203.62,691701
Needles,2018,3,75.51,405428
Oakland,2018,3,61,26156843
Palm Springs,2018,3,70.94,3352532
Perris,2018,3,18.94,1471197
Sacramento,2018,3,72.88,36505859
Salinas,2018,3,10.06,1609260
San Bernardino County - Unincorporated,2018,3,,256696
San Diego,2018,3,28.86,40897209
San Diego County - Unincorporated,2018,3,,1696419
San Francisco,2018,3,66.27,58704891
San Jose,2018,3,39.28,41081421
Santa Ana,2018,3,58.39,19623805
Santa Barbara County - Unincorporated,2018,3,,173206
Santa Cruz,2018,3,43.76,2859990
Santa Cruz County - Unincorporated,2018,3,,8829151
Santa Rosa,2018,3,25.45,4506002
Stanislaus County - Unincorporated,2018,3,,7987540
Truckee,2018,3,29.63,477161
Undisclosed,2018,3,,67751417
Vallejo,2018,3,66.16,7853061
West Hollywood,2018,3,186.15,6828040
Arcata,2018,2,112.43,2044940
Berkeley,2018,2,104.69,12747661
Butte County - Unincorporated,2018,2,,77361
Calaveras County - Unincorporated,2018,2,,1379240
Carpinteria,2018,2,226.09,3038046
Cathedral City,2018,2,76.23,4051785
Costa Mesa,2018,2,0.79,90302
Desert Hot Springs,2018,2,106.98,3190466
El Dorado County - Unincorporated,2018,2,,3376229
Goleta,2018,2,55.37,1743060
Humboldt County - Unincorporated,2018,2,,2252335
Huntington Beach,2018,2,1.32,264707
Kern County - Unincorporated,2018,2,,2187751
Long Beach,2018,2,7.42,3520064
Los Angeles,2018,2,25.95,103713758
Los Angeles County - Unincorporated,2018,2,,684637
Mendocino County - Unincorporated,2018,2,,3608446
Monterey County - Unincorporated,2018,2,,3037251
Mount Shasta,2018,2,293,995349
Needles,2018,2,52.29,280770
Oakland,2018,2,64.64,27714873
Palm Springs,2018,2,94.41,4461319
Perris,2018,2,16.95,1316750
Riverside,2018,2,0.35,114099
Riverside County - Unincorporated,2018,2,,34637
Sacramento,2018,2,84.23,42188582
Salinas,2018,2,12.35,1974546
San Bernardino County - Unincorporated,2018,2,,322638
San Diego,2018,2,33.25,47115555
San Diego County - Unincorporated,2018,2,,2418650
San Francisco,2018,2,68.44,60620495
San Jose,2018,2,39.5,41316436
San Luis Obispo County - Unincorporated,2018,2,,136702
Santa Ana,2018,2,73.37,24658901
Santa Barbara County - Unincorporated,2018,2,,268697
Santa Cruz,2018,2,47.66,3115106
Santa Cruz County - Unincorporated,2018,2,,10072637
Santa Rosa,2018,2,26.46,4684810
Shasta Lake,2018,2,337.05,3510062
Stanislaus County - Unincorporated,2018,2,,8120955
Truckee,2018,2,26.45,425986
Undisclosed,2018,2,,66434497
Vallejo,2018,2,64.81,7692538
West Hollywood,2018,2,245.57,9007346
Berkeley,2018,1,88.84,10818499
Cathedral City,2018,1,35.12,1866987
Desert Hot Springs,2018,1,63.65,1898319
El Dorado County - Unincorporated,2018,1,,1239335
Humboldt County - Unincorporated,2018,1,,459580
Kern County - Unincorporated,2018,1,,1095021
Los Angeles,2018,1,6.77,27074545
Los Angeles County - Unincorporated,2018,1,,37905
Mendocino County - Unincorporated,2018,1,,1940899
Oakland,2018,1,55.63,23851678
Palm Springs,2018,1,61.38,2900435
Sacramento,2018,1,34.45,17259123
San Diego,2018,1,19.06,27010967
San Diego County - Unincorporated,2018,1,,1352265
San Francisco,2018,1,34.78,30809959
San Jose,2018,1,21.17,22141754
Santa Ana,2018,1,29.34,9861268
Santa Cruz County - Unincorporated,2018,1,,6173213
Santa Rosa,2018,1,13.56,2401392
Sonoma County - Unincorporated,2018,1,,855007
Stanislaus County - Unincorporated,2018,1,,11916125
Stockton,2018,1,9.37,2954696
Undisclosed,2018,1,,30617248
Vallejo,2018,1,36.5,4332763
